Ranking,Job Title,Company,Jobs Posted,Job Type,Category,Salary,Skills,Region,Link,min_salary,max_salary,average_salary
1,Account Manager,BBE Marketing Inc,101,Full-Time,Sales and Marketing,,,Anywhere in the World,https://weworkremotely.com/remote-jobs/bbe-marketing-inc-account-manager-8,,,
2,"Tech Lead, Web Core Product & Chrome Extension",Speechify Inc,13,Contract,Front-End Programming,,"JavaScript, React, Firebase, TypeScript",Anywhere in the World,https://weworkremotely.com/remote-jobs/speechify-inc-tech-lead-web-core-product-chrome-extension,,,
3,UI/UX Designer,Files.com,33,Full-Time,Design,,,Latin America Only,https://weworkremotely.com/remote-jobs/files-com-ui-ux-designer-2,,,
4,Sales Director,Wealth Without Wallstreet,1,Full-Time,Sales and Marketing,,,Anywhere in the World,https://weworkremotely.com/remote-jobs/wealth-without-wallstreet-sales-director,,,
5,Customer Support: Build the AI that will steal your job,Evaboot,1,Contract,Customer Support,,"Chatbots, Prompt Engineering, Customer Support, Email / Chat Support",Anywhere in the World,https://weworkremotely.com/remote-jobs/evaboot-customer-support-build-the-ai-that-will-steal-your-job,,,
6,"Software Engineer, Platform",Speechify Inc,13,Full-Time,All Other Remote,,,Anywhere in the World,https://weworkremotely.com/remote-jobs/speechify-inc-software-engineer-platform,,,
7,Graphic Designer/Social Media Manager,BBE Marketing Inc,101,Full-Time,Design,,,Anywhere in the World,https://weworkremotely.com/remote-jobs/bbe-marketing-inc-graphic-designer-social-media-manager,,,
8,Client Support Specialist (Healthcare Facilities - B2B),Clipboard Health,16,Contract,Customer Support,,,Anywhere in the World,https://weworkremotely.com/remote-jobs/clipboard-health-client-support-specialist-healthcare-facilities-b2b-1,,,
9,Media Buyer,Sweat Pants Agency,8,Full-Time,Sales and Marketing,,,Anywhere in the World,https://weworkremotely.com/remote-jobs/sweat-pants-agency-media-buyer-1,,,
10,Growth Marketing Manager,Forager,1,Full-Time,Sales and Marketing,,,Anywhere in the World,https://weworkremotely.com/remote-jobs/forager-growth-marketing-manager,,,
11,Staff Accountant,packtrip land,1,Full-Time,All Other Remote,"$50,000 - $74,999 USD",,Anywhere in the World,https://weworkremotely.com/remote-jobs/packtrip-land-staff-accountant,50000.0,74999.0,62499.5
12,Senior Digital Marketing Specialist,A+ Insurance Designers,1,Full-Time,Design,"$50,000 - $74,999 USD","Digital Marketing, Email Marketing and Automation, Facebook Paid Ads, Google Analytics, Google Search Console, Search Engine Optimization (SEO), Social Media Marketing, Video Editing, Google Ads, Blog Writing, Instagram, Social Media Content",Anywhere in the World,https://weworkremotely.com/remote-jobs/a-insurance-designers-senior-digital-marketing-specialist,50000.0,74999.0,62499.5
13,Virtual Assistant (Bilingual with Vietnamese and English Required),"The Lawgical Firm, P.A.",1,Full-Time,All Other Remote,"$10,000 - $25,000 USD","Database, Legal, Email Handling",Anywhere in the World,https://weworkremotely.com/remote-jobs/the-lawgical-firm-p-a-virtual-assistant-bilingual-with-vietnamese-and-english-required,10000.0,25000.0,17500.0
14,Web Designer,MailerLite,75,Full-Time,Design,,Web Design,Anywhere in the World,https://weworkremotely.com/remote-jobs/mailerlite-web-designer-2,,,
15,Remote Administrative & Operations Assistant,Volcano Builders,1,Full-Time,Management and Finance,"$10,000 - $25,000 USD","CRM, Project Management, Admin, Client Relationship Management, QuickBooks, Client Relations, Relationship Building, Contract Drafting, Construction & Engineering Project Management",Anywhere in the World,https://weworkremotely.com/remote-jobs/volcano-builders-remote-administrative-operations-assistant,10000.0,25000.0,17500.0
16,Business Development Executive,SMIB,1,Full-Time,Sales and Marketing,,,,https://weworkremotely.com/remote-jobs/smib-business-development-executive,,,
17,Account Executive (Underwriter),IMA Financial Group,1,Full-Time,Management and Finance,,"Analytics, Email Marketing and Automation, Google Analytics, Infrastructure Orchestration, DevOps, Email / Chat Support, Email Handling, Email Campaigns, Analytics Tools, Email Campaigns",,https://weworkremotely.com/remote-jobs/ima-financial-group-account-executive-underwriter,,,
18,A.I. Video Editor (Direct Response / VEO3),Brook Hiddink - Highticket.io,3,Full-Time,Design,"$25,000 - $48,999 USD","AI Content Creation, Video Editing",Anywhere in the World,https://weworkremotely.com/remote-jobs/brook-hiddink-highticket-io-a-i-video-editor-direct-response-veo3,25000.0,48999.0,36999.5
19,"Generative AI Trends Analyst (Part-Time, Remote)",The Humble Hackers,5,Contract,All Other Remote,"$10,000 - $25,000 USD","Competitor Analysis, Documentation, AI Research, Usability Testing, Market Research",Anywhere in the World,https://weworkremotely.com/remote-jobs/the-humble-hackers-generative-ai-trends-analyst-part-time-remote,10000.0,25000.0,17500.0
20,US Internet Rater - English Language,TELUS Digital,12,Contract,All Other Remote,"$10,000 - $25,000 USD",,Anywhere in the World,https://weworkremotely.com/remote-jobs/telus-digital-us-internet-rater-english-language,10000.0,25000.0,17500.0
21,Freelance Facebook & Google Ads Expert - India Remote $10K-$15K per Campaign,Canara Bank Securities Limited.,1,Full-Time,Full-Stack Programming,,,Anywhere in the World,https://weworkremotely.com/remote-jobs/canara-bank-securities-limited-freelance-facebook-google-ads-expert-india-remote-10k-15k-per,,,
22,Senior UX/UI Designer with German,Accesa,1,Full-Time,Design,,,Anywhere in the World,https://weworkremotely.com/remote-jobs/accesa-senior-ux-ui-designer-with-german,,,
23,Outbound Sales Specialist,PR Volt,13,Full-Time,Sales and Marketing,"$50,000 - $74,999 USD","Sales Management, Sales, Cold Calling, Email Campaigns, Lead Generation",Anywhere in the World,https://weworkremotely.com/remote-jobs/pr-volt-outbound-sales-specialist,50000.0,74999.0,62499.5
24,WordPress Plugins & Themes developer,Melapress,10,Full-Time,Full-Stack Programming,"$25,000 - $48,999 USD","JavaScript, PHP, RESTful Services/APIs, Web Support, WordPress, API Integration, WooCommerce, Ecommerce Web Development, Ecommerce Management",Anywhere in the World,https://weworkremotely.com/remote-jobs/melapress-wordpress-plugins-themes-developer,25000.0,48999.0,36999.5
25,UI/UX Designer,"Pro Spiralyze",8,Full-Time,Design,,"UI/UX Design, UX design, Design",Anywhere in the World,https://weworkremotely.com/remote-jobs/spiralyze-ui-ux-designer,,,
26,PROUDFOOT: Presenting Analyst - United Kingdom / Europe / The Americas,Proudfoot,1,Full-Time,Management and Finance,,,Anywhere in the World,https://weworkremotely.com/remote-jobs/proudfoot-proudfoot-presenting-analyst-united-kingdom-europe-the-americas,,,
27,(Implementation) Project Manager,Paymentology,114,Full-Time,All Other Remote,"$25,000 - $48,999 USD",,Anywhere in the World,https://weworkremotely.com/remote-jobs/paymentology-implementation-project-manager-2,25000.0,48999.0,36999.5
28,Project coordinator,Sana Vita Operations LLC,1,Contract,DevOps and Sysadmin,"$50,000 - $74,999 USD","Admin, Executive Assistant, Analytics Tools, Email Campaigns, Communication Skills, Relationship Building, Excel Modeling, Ecommerce Management",,https://weworkremotely.com/remote-jobs/sana-vita-operations-llc-project-coordinator,50000.0,74999.0,62499.5
29,[EUROPE ONLY] Growth Product Manager at Video MarTech SaaS ðŸš€,Vidalytics,36,Full-Time,Product,"$75,000 - $99,999 USD",,Anywhere in the World,https://weworkremotely.com/remote-jobs/vidalytics-europe-only-growth-product-manager-at-video-martech-saas,75000.0,99999.0,87499.5
30,Affiliate Manager,ScholarshipOwl,3,Full-Time,Sales and Marketing,,,Anywhere in the World,https://weworkremotely.com/remote-jobs/scholarshipowl-affiliate-manager,,,
31,eCommerce Operations Manager,Mint & Lily,1,Full-Time,Product,"$50,000 - $74,999 USD","Operations Management, Shopify",Anywhere in the World,https://weworkremotely.com/remote-jobs/mint-lily-ecommerce-operations-manager,50000.0,74999.0,62499.5
32,Software Product Manager,Search Atlas - Advanced SEO Software,4,Full-Time,Design,"$25,000 - $48,999 USD",,Anywhere in the World,https://weworkremotely.com/remote-jobs/search-atlas-advanced-seo-software-software-product-manager,25000.0,48999.0,36999.5
33,Remote Scheduling/Calendar Assistant,Howie AI,2,Contract,Design,"$25,000 - $48,999 USD","Customer Relationship Management, Admin, Virtual Assistant, Executive Assistant, Email / Chat Support, Executive Virtual Assistance",Anywhere in the World,https://weworkremotely.com/remote-jobs/howie-ai-remote-scheduling-calendar-assistant-1,25000.0,48999.0,36999.5
34,Javascript Fullstack Engineer - Senior,Lumenalta,573,Full-Time,Full-Stack Programming,"$50,000 - $74,999 USD","Node.js, React",Anywhere in the World,https://weworkremotely.com/remote-jobs/lumenalta-javascript-fullstack-engineer-senior,50000.0,74999.0,62499.5
35,Finance & Accounting Specialist (Lithuania / Estonia),Apicworld,1,Full-Time,Product,,Cryptocurrency,Anywhere in the World,https://weworkremotely.com/remote-jobs/apicworld-finance-accounting-specialist-lithuania-estonia,,,
36,Product specialist Jedi (German-speaking),Creative Force,57,Full-Time,Customer Support,,,Anywhere in the World,https://weworkremotely.com/remote-jobs/creative-force-product-specialist-jedi-german-speaking,,,
37,Content-led Marketer (B2B â€“ Startup Mentality),Melapress,10,Full-Time,Sales and Marketing,"$25,000 - $48,999 USD",,Anywhere in the World,https://weworkremotely.com/remote-jobs/melapress-content-led-marketer-b2b-startup-mentality,25000.0,48999.0,36999.5
38,EU-Freelancer (m/w/d) im Inbound Kundenservice - Home-Office!,hey contact heroes GmbH,15,Contract,Customer Support,,,Anywhere in the World,https://weworkremotely.com/remote-jobs/hey-contact-heroes-gmbh-eu-freelancer-m-w-d-im-inbound-kundenservice-home-office-1,,,
39,Remote Travel Booking Specialists,HB Travels,2,Contract,All Other Remote,"$50,000 - $74,999 USD",,Anywhere in the World,https://weworkremotely.com/remote-jobs/hb-travels-remote-travel-booking-specialists,50000.0,74999.0,62499.5
40,Content Creators for Viral Video Project,Contra,443,Contract,Sales and Marketing,,,Anywhere in the World,https://weworkremotely.com/remote-jobs/contra-content-creators-for-viral-video-project,,,
41,Senior sales manager,AppMagic,1,Full-Time,Product,,,Anywhere in the World,https://weworkremotely.com/remote-jobs/appmagic-senior-sales-manager,,,
42,Senior Django Developer,Proxify AB,59,Full-Time,All Other Remote,,Django,Anywhere in the World,https://weworkremotely.com/remote-jobs/proxify-ab-senior-django-developer-1,,,
43,Head of Social / Social Media Manager,Waifu Masters,3,Full-Time,Sales and Marketing,"$100,000 or more USD","Social Media Marketing, Social Media Management, Team Management, Social Media Content",Anywhere in the World,https://weworkremotely.com/remote-jobs/waifu-masters-head-of-social-social-media-manager,100000.0,100000.0,100000.0
44,Remote Sales Chat Representative,"Pro Used Conex LLC",5,Contract,Sales and Marketing,"$75,000 - $99,999 USD",,Anywhere in the World,https://weworkremotely.com/remote-jobs/used-conex-llc-remote-sales-chat-representative-1,75000.0,99999.0,87499.5
45,Sales Development Representative,Harkla,8,Full-Time,Sales and Marketing,"$25,000 - $48,999 USD","CRM, Sales",Anywhere in the World,https://weworkremotely.com/remote-jobs/harkla-sales-development-representative,25000.0,48999.0,36999.5
46,"Software Engineer (Frontend, Backend, or Full stack)",Subscript,24,Full-Time,Full-Stack Programming,,,Anywhere in the World,https://weworkremotely.com/remote-jobs/subscript-software-engineer-frontend-backend-or-full-stack-2,,,
47,UI/UX Designer,Crisp,10,Full-Time,Design,"$50,000 - $74,999 USD",,Anywhere in the World,https://weworkremotely.com/remote-jobs/crisp-ui-ux-designer,50000.0,74999.0,62499.5
48,Senior Software Engineer,Intellisync SRL,6,Full-Time,Full-Stack Programming,,,Anywhere in the World,https://weworkremotely.com/remote-jobs/intellisync-srl-senior-software-engineer,,,
49,IFRS Accountant with Multiple Jurisdiction Experience,Flag Theory,10,Full-Time,Management and Finance,,,Anywhere in the World,https://weworkremotely.com/remote-jobs/flag-theory-ifrs-accountant-with-multiple-jurisdiction-experience,,,
50,Inside Sales Representative - U.S. Market,Credit Clerk,6,Full-Time,Sales and Marketing,,"Sales, English",Anywhere in the World,https://weworkremotely.com/remote-jobs/credit-clerk-inside-sales-representative-u-s-market,,,
51,Product Designer,MailerLite,75,Full-Time,Design,"$50,000 - $74,999 USD",,Anywhere in the World,https://weworkremotely.com/remote-jobs/mailerlite-product-designer-3,50000.0,74999.0,62499.5
52,Digital Asset Operations,Escorial Future,2,Full-Time,All Other Remote,,Cryptocurrency,Anywhere in the World,https://weworkremotely.com/remote-jobs/escorial-future-digital-asset-operations,,,
53,FT/PT Remote AI Prompt Engineering & Evaluation - Will Train,DataAnnotation.tech,2,Contract,All Other Remote,,,North America Only,https://weworkremotely.com/remote-jobs/dataannotation-tech-ft-pt-remote-ai-prompt-engineering-evaluation-will-train,,,
54,Languages teachers,AE Virtual Class S.A,3,Contract,All Other Remote,,,Anywhere in the World,https://weworkremotely.com/remote-jobs/ae-virtual-class-s-a-languages-teachers,,,
55,"Staff Backend Engineer (Java), Admin Experience (Open to remote across ANZ)",Canva,3,Full-Time,Design,,"Cross-Browser Development, Graphic Design, Infrastructure Orchestration, Computer Vision, Cross-Selling",,https://weworkremotely.com/remote-jobs/canva-staff-backend-engineer-java-admin-experience-open-to-remote-across-anz,,,
56,Experienced Laravel Developer - APAC Region,Zapiet,23,Full-Time,Full-Stack Programming,,"GoLang, Laravel",Anywhere in the World,https://weworkremotely.com/remote-jobs/zapiet-experienced-laravel-developer-apac-region,,,
57,"Senior Data Engineer, Marketing Technology",Thumbtack,3,Full-Time,Sales and Marketing,,"Cross-Browser Development, Infrastructure Orchestration, MySQL, PostgreSQL, SaaS, NoSQL, PostgreeSQL, Cross-Selling, Data Cleaning, ETL Processes",Anywhere in the World,https://weworkremotely.com/remote-jobs/thumbtack-senior-data-engineer-marketing-technology,,,
58,RevOps Manager,Hummingbird,1,Full-Time,Customer Support,,"Analytics, CRM, Google Analytics, Cyber Security, Endpoint Security, CRM Systems, Analytics Tools, CRM Integration, Ecommerce Web Development, Ecommerce Management",Anywhere in the World,https://weworkremotely.com/remote-jobs/hummingbird-revops-manager,,,
59,Amazon Ecommerce Account Manager (Seller/Vendor),Amazowl,17,Contract,Sales and Marketing,,"Amazon, Amazon Seller Central",Anywhere in the World,https://weworkremotely.com/remote-jobs/amazowl-amazon-ecommerce-account-manager-seller-vendor,,,
60,Financial Customer Support & Accounts Receivables Employee,Baymard Institute,28,Full-Time,Management and Finance,,"Customer Support, Accounting, Onboarding, Financial Reporting",Anywhere in the World,https://weworkremotely.com/remote-jobs/baymard-institute-financial-customer-support-accounts-receivables-employee,,,
61,"Creative Producer (Remote, FT Contract",TripleTen,1,Full-Time,Sales and Marketing,,"Video Production, Video Editing, Performance Monitoring, Videography, Video Editing (Final Cut Pro, Adobe Premiere)",,https://weworkremotely.com/remote-jobs/tripleten-creative-producer-remote-ft-contract,,,
62,Dynamics 365 Customer Engagement (CE) - Technical Architect,sa.global,4,Full-Time,Customer Support,,"Analytics, CRM, Google Analytics, Monitoring and Analytics, Computer Vision, Predictive Analytics, CRM Systems, Analytics Tools, CRM Integration, Sales Analytics",Anywhere in the World,https://weworkremotely.com/remote-jobs/sa-global-dynamics-365-customer-engagement-ce-technical-architect,,,
63,Senior Independent Software Developer ($90-$170/hr),A.Team,8,Contract,Full-Stack Programming,,,Anywhere in the World,https://weworkremotely.com/remote-jobs/a-team-senior-independent-software-developer-90-170-hr,,,
64,"Senior Software Engineer, AI Model serving",Speechify Inc,13,Contract,Back-End Programming,,"Docker, Node.js, Kubernetes, GCP",Anywhere in the World,https://weworkremotely.com/remote-jobs/speechify-inc-senior-software-engineer-ai-model-serving,,,
65,Head of Growth,Vinclum,1,Full-Time,Sales and Marketing,"$25,000 - $48,999 USD","Paid Social Media Advertising, Project Management, Content Creation, Performance Monitoring, Content Strategy, Email Campaigns, Leadership, Content Planning, Lead Generation",Anywhere in the World,https://weworkremotely.com/remote-jobs/vinclum-head-of-growth,25000.0,48999.0,36999.5
66,"Remote Cold Caller â€” $15hr + 30% Commission | Flexible, No Experience Needed",ClickTigers,1,Full-Time,Sales and Marketing,"$10,000 - $25,000 USD","Digital Marketing, Marketing, Outreach, Sales, Cold Calling, Sales Pitching, Client Relationship Management, SEO, Email Campaigns, Communication Skills, Client Relations",Anywhere in the World,https://weworkremotely.com/remote-jobs/clicktigers-remote-cold-caller-15hr-30-commission-flexible-no-experience-needed,10000.0,25000.0,17500.0
67,Senior Site Reliability Engineer,BaxEnergy,10,Full-Time,DevOps and Sysadmin,,"AWS, Azure, Database, Redis, SQL, Cloud, DevOps, CI/CD Pipelines",Anywhere in the World,https://weworkremotely.com/remote-jobs/baxenergy-senior-site-reliability-engineer-2,,,
68,"Technical Support Representative (Full-time contract, 40hr/week)",mE,12,Contract,Customer Support,"$25,000 - $48,999 USD","End User Support, Technical Support, Customer Support, Phone Support, Email / Chat Support, Live Chat Support",Anywhere in the World,https://weworkremotely.com/remote-jobs/me-technical-support-representative-full-time-contract-40hr-week,25000.0,48999.0,36999.5
69,Virtual Timeshare Sales Executive - Remote NV,Marriott Vacations Worldwide,4,Full-Time,Sales and Marketing,,,Anywhere in the World,https://weworkremotely.com/remote-jobs/marriott-vacations-worldwide-virtual-timeshare-sales-executive-remote-nv-1,,,
70,Head of Omnichannel Marketing / Chief Marketing Officer,Waifu Masters,3,Contract,Sales and Marketing,"$100,000 or more USD",,Anywhere in the World,https://weworkremotely.com/remote-jobs/waifu-masters-head-of-omnichannel-marketing-chief-marketing-officer,100000.0,100000.0,100000.0
71,Sales fÃ¼r die Telekommunikationkunden,Yoummday,1,Contract,Sales and Marketing,,,Anywhere in the World,https://weworkremotely.com/remote-jobs/yoummday-sales-fur-die-telekommunikationkunden,,,
72,Senior Product Marketing Manager,ACI Worldwide,1,Full-Time,Sales and Marketing,,"Analytics, Google Analytics, Monitoring and Analytics, Predictive Analytics, Cyber Security, Endpoint Security, Analytics Tools, Sales Analytics, Ecommerce Web Development, Ecommerce Management",Anywhere in the World,https://weworkremotely.com/remote-jobs/aci-worldwide-senior-product-marketing-manager,,,
73,Meta Ads Media Buyer - Facebook & Instagram Ad Media Buyer,Harkla,8,Full-Time,Sales and Marketing,"$25,000 - $48,999 USD","Facebook Paid Ads, Instagram",Anywhere in the World,https://weworkremotely.com/remote-jobs/harkla-meta-ads-media-buyer-facebook-instagram-ad-media-buyer,25000.0,48999.0,36999.5
74,Director of Operations,Bright!Tax,1,Full-Time,Management and Finance,,,Anywhere in the World,https://weworkremotely.com/remote-jobs/bright-tax-director-of-operations,,,
75,Team Lead - Product Engineering Team,Silverfin,39,Full-Time,Back-End Programming,"$100,000 or more USD",,Anywhere in the World,https://weworkremotely.com/remote-jobs/silverfin-team-lead-product-engineering-team-3,100000.0,100000.0,100000.0
76,Remote Inside Sales,Report Owl LLC,3,Contract,Sales and Marketing,,,Anywhere in the World,https://weworkremotely.com/remote-jobs/report-owl-llc-remote-inside-sales-2,,,
77,Mandarin-speaking Customer Support Specialist (Remote),Springroll,2,Contract,Customer Support,"$25,000 - $48,999 USD",,Anywhere in the World,https://weworkremotely.com/remote-jobs/springroll-mandarin-speaking-customer-support-specialist-remote,25000.0,48999.0,36999.5
78,Backend Engineer,Search Atlas - Advanced SEO Software,4,Full-Time,Back-End Programming,"$25,000 - $48,999 USD",,Anywhere in the World,https://weworkremotely.com/remote-jobs/search-atlas-advanced-seo-software-backend-engineer,25000.0,48999.0,36999.5
79,Rea Time Analyst | Workforce Management,Clipboard Health,16,Contract,All Other Remote,,,Anywhere in the World,https://weworkremotely.com/remote-jobs/clipboard-health-rea-time-analyst-workforce-management,,,
80,Customer Success Manager (Americas),Filestage,70,Full-Time,Customer Support,"$50,000 - $74,999 USD",,,https://weworkremotely.com/remote-jobs/filestage-customer-success-manager-americas-2,50000.0,74999.0,62499.5
81,Technical Project Manager,Abby Connect,1,Full-Time,Product,"$25,000 - $48,999 USD",Project Management,Anywhere in the World,https://weworkremotely.com/remote-jobs/abby-connect-technical-project-manager,25000.0,48999.0,36999.5
82,Procurement Analyst,Paymentology,114,Full-Time,All Other Remote,"$25,000 - $48,999 USD",Finance,Anywhere in the World,https://weworkremotely.com/remote-jobs/paymentology-procurement-analyst,25000.0,48999.0,36999.5
83,Assistant Trader (remote),Exora,1,Contract,Management and Finance,"$50,000 - $74,999 USD","Analytics, Team Management",Anywhere in the World,https://weworkremotely.com/remote-jobs/exora-assistant-trader-remote,50000.0,74999.0,62499.5
84,Psychic & Tarot Readers - Remote Positions,Trusted Entertainments,1,Contract,All Other Remote,"$25,000 - $48,999 USD",,Anywhere in the World,https://weworkremotely.com/remote-jobs/trusted-entertainments-psychic-tarot-readers-remote-positions,25000.0,48999.0,36999.5
85,Senior Backend Engineer,Proton.ai,3,Full-Time,Back-End Programming,"$50,000 - $74,999 USD",,Americas Only,https://weworkremotely.com/remote-jobs/proton-ai-senior-backend-engineer,50000.0,74999.0,62499.5
86,Web Programmer and Designer,itradepay,1,Full-Time,Design,"$10,000 - $25,000 USD","Web Performance Optimization, Web Support, Web Design",Anywhere in the World,https://weworkremotely.com/remote-jobs/itradepay-web-programmer-and-designer,10000.0,25000.0,17500.0
87,QA Analyst,Wealthbox CRM,8,Full-Time,Product,,,Anywhere in the World,https://weworkremotely.com/remote-jobs/wealthbox-crm-qa-analyst,,,
88,Senior Backend Engineer,Elevate Labs,28,Full-Time,Full-Stack Programming,,,Anywhere in the World,https://weworkremotely.com/remote-jobs/elevate-labs-senior-backend-engineer-1,,,
89,Product Manager - Clinical Data Analytics & Insights,Tech Intellectuals,1,Full-Time,Sales and Marketing,,,Anywhere in the World,https://weworkremotely.com/remote-jobs/tech-intellectuals-product-manager-clinical-data-analytics-insights,,,
90,Product Business Analyst (English+Russian/Ukrainian),Salesflow.io,31,Contract,Product,,"Analytics, AI Product Development, SaaS, API",Anywhere in the World,https://weworkremotely.com/remote-jobs/salesflow-io-product-business-analyst-english-russian-ukrainian,,,
91,Executive Assistant for Wellness Brand Founder,Sui Yoga,1,Contract,DevOps and Sysadmin,"$10,000 - $25,000 USD",,Anywhere in the World,https://weworkremotely.com/remote-jobs/sui-yoga-executive-assistant-for-wellness-brand-founder,10000.0,25000.0,17500.0
92,SEO Specialist (3-Month Contract),"Pro We Work Remotely",52,Contract,Sales and Marketing,,"Google Search Console, Search Engine Optimization (SEO), SEMRush, SEO, Keyword Research, Technical SEO, KPI Tracking, Communication Skills, KPI Analysis",Anywhere in the World,https://weworkremotely.com/remote-jobs/we-work-remotely-seo-specialist-3-month-contract,,,
93,CRM & Account Manager â€“ Go High Level Specialist,Find Staff,1,Full-Time,Customer Support,,"Adobe Creative Suite, Analytics, Community Growth, Architect, Architecture, Blog Writing, Analytics Tools, Editing, Audio Editing, Brand Identity Design",Anywhere in the World,https://weworkremotely.com/remote-jobs/find-staff-crm-account-manager-go-high-level-specialist,,,
94,Senior Next.js Developer,Proxify AB,59,Full-Time,Front-End Programming,,JavaScript,Anywhere in the World,https://weworkremotely.com/remote-jobs/proxify-ab-senior-next-js-developer-2,,,
95,Travel Advisor,JZW Travel,1,Full-Time,All Other Remote,"$50,000 - $74,999 USD",,Anywhere in the World,https://weworkremotely.com/remote-jobs/jzw-travel-travel-advisor,50000.0,74999.0,62499.5
96,Virtual Assistant,Interviews Chat,1,Full-Time,All Other Remote,"$50,000 - $74,999 USD",,Anywhere in the World,https://weworkremotely.com/remote-jobs/interviews-chat-virtual-assistant,50000.0,74999.0,62499.5
97,Remote Sales Agent - Worldwide,Unload My Home,5,Full-Time,Sales and Marketing,"$25,000 - $48,999 USD",Sales,Anywhere in the World,https://weworkremotely.com/remote-jobs/unload-my-home-remote-sales-agent-worldwide,25000.0,48999.0,36999.5
98,Senior Data Analyst (LatAm),The Global Talent Co.,1,Full-Time,Sales and Marketing,,"Analytics, Cross-Browser Development, Data Visualization, Google Analytics, Infrastructure Orchestration, Cross-Selling, Analytics Tools, Data Cleaning, ETL Processes, Data Visualization",,https://weworkremotely.com/remote-jobs/the-global-talent-co-senior-data-analyst-latam,,,
99,Admin and Support Specialist With a Love for Writing,IxDF - Interaction Design Foundation,56,Full-Time,Customer Support,,"Customer Relationship Management, Writing, Customer Support, Content Writing, Communication Skills",Anywhere in the World,https://weworkremotely.com/remote-jobs/ixdf-interaction-design-foundation-admin-and-support-specialist-with-a-love-for-writing,,,
100,Bilingual Service Coordinator,Consumer Direct Care Network,1,Full-Time,Management and Finance,,,,https://weworkremotely.com/remote-jobs/consumer-direct-care-network-bilingual-service-coordinator,,,
101,Contact Centre Agent (Remote),Goodlord,1,Full-Time,Customer Support,,,,https://weworkremotely.com/remote-jobs/goodlord-contact-centre-agent-remote,,,
102,Technical Lead â€“ Platform & AI Infrastructure (Founding Team),HeartStamp Inc,1,Full-Time,Full-Stack Programming,"$100,000 or more USD","AWS, Docker, Google Cloud, Python, System Design, TensorFlow, PyTorch, Stable Diffusion, AI Content Creation, Prompt Engineering, Back-End Dev, DevOps, Kubernetes, OpenCV, Scipy, Numpy, API Integration, CSS, CI/CD Pipelines, Agile/Scrum, Team Management, Team Building",Anywhere in the World,https://weworkremotely.com/remote-jobs/heartstamp-inc-technical-lead-platform-ai-infrastructure-founding-team,100000.0,100000.0,100000.0
103,AI Trainer,Anuttacon,1,Contract,All Other Remote,,"Database, AI Content Creation, Content Writing, Data Warehousing",Anywhere in the World,https://weworkremotely.com/remote-jobs/anuttacon-ai-trainer,,,
104,Senior React Native Developer,Proxify AB,59,Full-Time,Front-End Programming,,React Native,Anywhere in the World,https://weworkremotely.com/remote-jobs/proxify-ab-senior-react-native-developer-3,,,
105,Senior Microsoft Power BI Developer,Proxify AB,59,Full-Time,All Other Remote,,Power BI,Anywhere in the World,https://weworkremotely.com/remote-jobs/proxify-ab-senior-microsoft-power-bi-developer-1,,,
106,Senior Fullstack Developer,Proxify AB,59,Full-Time,Full-Stack Programming,,Full Stack Dev,Anywhere in the World,https://weworkremotely.com/remote-jobs/proxify-ab-senior-fullstack-developer-1,,,
107,Cybersecurity Architect,RemoteMore,52,Full-Time,All Other Remote,,,Anywhere in the World,https://weworkremotely.com/remote-jobs/remotemore-cybersecurity-architect-1,,,
108,Head of Social Media,MVC Resources,1,Full-Time,Sales and Marketing,,"Paid Social Media Advertising, Social Media Marketing, Bug Tracking, Social Media Management, Performance Monitoring, Social Media Ads, KPI Tracking, Social Media Content, Inventory Tracking, Display Advertising",Anywhere in the World,https://weworkremotely.com/remote-jobs/mvc-resources-head-of-social-media,,,
109,Student Representatives,EDUopinions,21,Contract,All Other Remote,,,Anywhere in the World,https://weworkremotely.com/remote-jobs/eduopinions-student-representatives-16,,,
110,Frontend Engineer,Mobena,1,Full-Time,Front-End Programming,"$75,000 - $99,999 USD","Figma, HTML/CSS, JavaScript, UI/UX",,https://weworkremotely.com/remote-jobs/mobena-frontend-engineer,75000.0,99999.0,87499.5
111,Freelance Writer,ProWriterSites,2,Contract,All Other Remote,,,Anywhere in the World,https://weworkremotely.com/remote-jobs/prowritersites-freelance-writer,,,
112,"Director, Product Design",Smartsheet,1,Full-Time,Design,,"Enterprise Systems, Graphic Design, Productivity Software, Project Management, Software Support, Software Upgrades, SaaS, Hardware/Software Support, HR Software, Construction & Engineering Project Management",Anywhere in the World,https://weworkremotely.com/remote-jobs/smartsheet-director-product-design,,,
113,NoCode / LowCode Developer (no-code / Low-code ),CloudDevs,21,Full-Time,Full-Stack Programming,,,Anywhere in the World,https://weworkremotely.com/remote-jobs/clouddevs-nocode-lowcode-developer-no-code-low-code,,,
114,Cloud Security Engineer,XM,87,Full-Time,All Other Remote,,,Anywhere in the World,https://weworkremotely.com/remote-jobs/xm-cloud-security-engineer,,,
115,Growth & RevOps Lead - Saas company,Salesflow.io,31,Contract,Sales and Marketing,"$50,000 - $74,999 USD","Email Marketing and Automation, SEO",Anywhere in the World,https://weworkremotely.com/remote-jobs/salesflow-io-growth-revops-lead-saas-company,50000.0,74999.0,62499.5
116,Lead Webflow Designer & Developer,Surge,5,Full-Time,Sales and Marketing,"$50,000 - $74,999 USD","Figma, Webflow",Anywhere in the World,https://weworkremotely.com/remote-jobs/surge-lead-webflow-designer-developer,50000.0,74999.0,62499.5
117,Senior Meta & TikTok Growth Strategist â€“ Fullâ€‘Funnel Paidâ€¯Social Architect Ask ChatGPT,Scandinavian Biolabs,1,Full-Time,Sales and Marketing,"$50,000 - $74,999 USD","Facebook Paid Ads, Google Analytics, Paid Social Media Advertising, Social Media Ads",Anywhere in the World,https://weworkremotely.com/remote-jobs/scandinavian-biolabs-senior-meta-tiktok-growth-strategist-full-funnel-paid-social-architect-ask-chatgpt,50000.0,74999.0,62499.5
118,Chief Product Officer,Waifu Masters,3,Contract,Product,"$100,000 or more USD",,Anywhere in the World,https://weworkremotely.com/remote-jobs/waifu-masters-chief-product-officer,100000.0,100000.0,100000.0
119,Head of Product,Toggl,171,Full-Time,Product,"$100,000 or more USD",,Anywhere in the World,https://weworkremotely.com/remote-jobs/toggl-head-of-product,100000.0,100000.0,100000.0
120,"Software Engineer, Business Experience",CodeSignal,13,Full-Time,Full-Stack Programming,,"AWS, GraphQL, JavaScript, MongoDB, Node.js, React, TypeScript",Anywhere in the World,https://weworkremotely.com/remote-jobs/codesignal-software-engineer-business-experience,,,
121,CX Technical Support Advocate: Tier 1 Lead,Photobooth Supply Co,62,Full-Time,Customer Support,,,Anywhere in the World,https://weworkremotely.com/remote-jobs/photobooth-supply-co-cx-technical-support-advocate-tier-1-lead,,,
122,Content marketing specialist (German-speaking),Creative Force,57,Full-Time,Sales and Marketing,,,Anywhere in the World,https://weworkremotely.com/remote-jobs/creative-force-content-marketing-specialist-german-speaking,,,
123,Stock & Option Trader at Maverick Trading,"Pro Maverick Trading",2,Contract,Management and Finance,"$100,000 or more USD","Strategic Analysis, Risk Management, Market Research",Anywhere in the World,https://weworkremotely.com/remote-jobs/maverick-trading-stock-option-trader-at-maverick-trading,100000.0,100000.0,100000.0
124,Senior Shopify Developer (Remote + Flexible),Storetasker,7,Contract,Full-Stack Programming,,,Anywhere in the World,https://weworkremotely.com/remote-jobs/storetasker-senior-shopify-developer-remote-flexible-3,,,
125,Senior Amazon Brand Manager,GNO Partners,1,Full-Time,Sales and Marketing,"$100,000 or more USD","Amazon, PPC Management, Amazon Seller Central, Ecommerce Management",Anywhere in the World,https://weworkremotely.com/remote-jobs/gno-partners-senior-amazon-brand-manager,100000.0,100000.0,100000.0
126,Forex / Cryptocurrency Trader,"Pro Maverick Currencies",2,Contract,Management and Finance,"$75,000 - $99,999 USD",,Anywhere in the World,https://weworkremotely.com/remote-jobs/maverick-currencies-forex-cryptocurrency-trader,75000.0,99999.0,87499.5
127,Nordilux Mid Market Account Executive - English Speaking,HubSpot,14,Full-Time,Customer Support,,"Analytics, CRM, Digital Marketing, Email Marketing and Automation, Google Analytics, Inbound Marketing, Influencer Marketing, CRM Systems, Analytics Tools, CRM Integration",Anywhere in the World,https://weworkremotely.com/remote-jobs/hubspot-nordilux-mid-market-account-executive-english-speaking,,,
128,"Product Owner, Omnichannel Communications & CRM",GeneDx,1,Full-Time,Customer Support,,"CRM, CRM Systems, CRM Integration",,https://weworkremotely.com/remote-jobs/genedx-product-owner-omnichannel-communications-crm,,,
129,AI Automation Developer,Axe Automation,1,Full-Time,Full-Stack Programming,,"Artificial Intelligence (AI), Automation Scripting, AI/RPA Development, ChatGPT AI Integration, Scripting & Automation",Anywhere in the World,https://weworkremotely.com/remote-jobs/axe-automation-ai-automation-developer,,,
130,React Developer,Picklezone,1,Full-Time,Front-End Programming,"$75,000 - $99,999 USD",,Anywhere in the World,https://weworkremotely.com/remote-jobs/picklezone-react-developer,75000.0,99999.0,87499.5
131,Rust Engineer,PropellerHeads,1,Full-Time,Back-End Programming,"$100,000 or more USD",,Anywhere in the World,https://weworkremotely.com/remote-jobs/propellerheads-rust-engineer,100000.0,100000.0,100000.0
132,"Remote C# .NET Developer (WinForms, Trading Platform) â€“ Exceptional Talent Wanted",Jigsaw Trading Limited,1,Full-Time,Full-Stack Programming,,C#,Anywhere in the World,https://weworkremotely.com/remote-jobs/jigsaw-trading-limited-remote-csharp-net-developer-winforms-trading-platform-exceptional-talent-wanted,,,
133,Senior Full-Stack Engineer,Uncap,1,Full-Time,Full-Stack Programming,"$100,000 or more USD","AWS, Python, React, Artificial Intelligence (AI)",Anywhere in the World,https://weworkremotely.com/remote-jobs/uncap-senior-full-stack-engineer,100000.0,100000.0,100000.0
134,Entrepreneurial Apprentice to Eccentric Millionaire @ Fun Ecom Co | Great People & Flexible Hours,JLS Trading Co.,40,Full-Time,All Other Remote,,,Anywhere in the World,https://weworkremotely.com/remote-jobs/jls-trading-co-entrepreneurial-apprentice-to-eccentric-millionaire-fun-ecom-co-great-people,,,
135,DevSecOps Engineer,XM,87,Full-Time,All Other Remote,,Security,UK Only,https://weworkremotely.com/remote-jobs/xm-devsecops-engineer,,,
136,Senior Data Engineer,Proxify AB,59,Full-Time,All Other Remote,,"Data, Data Engineering",Anywhere in the World,https://weworkremotely.com/remote-jobs/proxify-ab-senior-data-engineer-2,,,
137,Business Development Representative (BDR),Map Labs,1,Full-Time,Sales and Marketing,,,Anywhere in the World,https://weworkremotely.com/remote-jobs/map-labs-business-development-representative-bdr,,,
138,Senior Product Manager,Toggl,171,Full-Time,Product,,,Anywhere in the World,https://weworkremotely.com/remote-jobs/toggl-senior-product-manager-3,,,
139,"Software Engineer, iOS Core Product",Speechify Inc,13,Full-Time,Front-End Programming,,,Anywhere in the World,https://weworkremotely.com/remote-jobs/speechify-inc-software-engineer-ios-core-product,,,
140,Web Developer,MailerLite,75,Full-Time,Front-End Programming,,"HTML/CSS, JavaScript",Anywhere in the World,https://weworkremotely.com/remote-jobs/mailerlite-web-developer,,,
141,UI Designer; FT or PT; North or South America,Custody X Change,30,Full-Time,Design,,,Anywhere in the World,https://weworkremotely.com/remote-jobs/custody-x-change-ui-designer-ft-or-pt-north-or-south-america,,,
142,Marketing Automation SaaS + Services Line of Business Owner,New Law Business Model,3,Full-Time,Management and Finance,,Information Analysis,Anywhere in the World,https://weworkremotely.com/remote-jobs/new-law-business-model-marketing-automation-saas-services-line-of-business-owner,,,
143,Customer Support Specialist,"Law Office of Carlos D. Martinez, LLC",1,Full-Time,Customer Support,,Customer Support,Anywhere in the World,https://weworkremotely.com/remote-jobs/law-office-of-carlos-d-martinez-llc-customer-support-specialist,,,
144,Executive Assistant (Part-Time),Asymmetric Marketing LLC,1,Contract,Management and Finance,"$25,000 - $48,999 USD",Executive Assistant,Anywhere in the World,https://weworkremotely.com/remote-jobs/asymmetric-marketing-llc-executive-assistant-part-time,25000.0,48999.0,36999.5
145,VIP Specialist Lead â€“ Remote (US-based hours preferred),Springroll,2,Contract,Customer Support,"$25,000 - $48,999 USD","Data Analysis, Strategic Thinking, Client Retention, Conflict Resolution, Client Relationship Management, Communication Skills",Anywhere in the World,https://weworkremotely.com/remote-jobs/springroll-vip-specialist-lead-remote-us-based-hours-preferred,25000.0,48999.0,36999.5
146,Online English Teacher,"Pro Native Camp",31,Contract,All Other Remote,,,Anywhere in the World,https://weworkremotely.com/remote-jobs/native-camp-online-english-teacher-30,,,
147,Site Reliability Engineer,Float,64,Full-Time,DevOps and Sysadmin,"$100,000 or more USD",,Anywhere in the World,https://weworkremotely.com/remote-jobs/float-site-reliability-engineer-1,100000.0,100000.0,100000.0
148,Senior Back-end Architect,Swipe Games,1,Full-Time,Back-End Programming,"$75,000 - $99,999 USD","GoLang, TypeScript",Anywhere in the World,https://weworkremotely.com/remote-jobs/swipe-games-senior-back-end-architect,75000.0,99999.0,87499.5
149,Client Onboarding for Corporate Services (Bank Accounts department),Flag Theory,10,Full-Time,Customer Support,,,Anywhere in the World,https://weworkremotely.com/remote-jobs/flag-theory-client-onboarding-for-corporate-services-bank-accounts-department-1,,,
150,Senior Independent Product Manager/Product Designer ($90-$170/hr),A.Team,8,Full-Time,Product,,,Anywhere in the World,https://weworkremotely.com/remote-jobs/a-team-senior-independent-product-manager-product-designer-90-170-hr,,,
