Ranking,Job Title,Company,Jobs Posted,Job Type,Category,Salary,Region,Link
1,Account Manager,BBE Marketing Inc,101,Full-Time,Sales and Marketing,NA,Anywhere in the World,https://weworkremotely.com/remote-jobs/bbe-marketing-inc-account-manager-8
2,"Tech Lead, Web Core Product & Chrome Extension",Speechify Inc,13,Contract,Front-End Programming,NA,Anywhere in the World,https://weworkremotely.com/remote-jobs/speechify-inc-tech-lead-web-core-product-chrome-extension
3,UI/UX Designer,Files.com,33,Full-Time,Design,NA,Latin America Only,https://weworkremotely.com/remote-jobs/files-com-ui-ux-designer-2
4,Customer Support: Build the AI that will steal your job,Evaboot,1,Contract,Customer Support,NA,Anywhere in the World,https://weworkremotely.com/remote-jobs/evaboot-customer-support-build-the-ai-that-will-steal-your-job
5,"Software Engineer, Platform",Speechify Inc,13,Full-Time,All Other Remote,NA,Anywhere in the World,https://weworkremotely.com/remote-jobs/speechify-inc-software-engineer-platform
6,Graphic Designer/Social Media Manager,BBE Marketing Inc,101,Full-Time,Design,NA,Anywhere in the World,https://weworkremotely.com/remote-jobs/bbe-marketing-inc-graphic-designer-social-media-manager
7,Client Support Specialist (Healthcare Facilities - B2B),Clipboard Health,16,Contract,Customer Support,NA,Anywhere in the World,https://weworkremotely.com/remote-jobs/clipboard-health-client-support-specialist-healthcare-facilities-b2b-1
8,Media Buyer,Sweat Pants Agency,8,Full-Time,Sales and Marketing,NA,Anywhere in the World,https://weworkremotely.com/remote-jobs/sweat-pants-agency-media-buyer-1
9,Growth Marketing Manager,Forager,1,Full-Time,Sales and Marketing,NA,Anywhere in the World,https://weworkremotely.com/remote-jobs/forager-growth-marketing-manager
10,Staff Accountant,packtrip land,1,Full-Time,All Other Remote,"$50,000 - $74,999 USD",Anywhere in the World,https://weworkremotely.com/remote-jobs/packtrip-land-staff-accountant
11,Senior Digital Marketing Specialist,A+ Insurance Designers,1,Full-Time,Design,"$50,000 - $74,999 USD",Anywhere in the World,https://weworkremotely.com/remote-jobs/a-insurance-designers-senior-digital-marketing-specialist
12,Virtual Assistant (Bilingual with Vietnamese and English Required),"The Lawgical Firm, P.A.",1,Full-Time,All Other Remote,"$10,000 - $25,000 USD",Anywhere in the World,https://weworkremotely.com/remote-jobs/the-lawgical-firm-p-a-virtual-assistant-bilingual-with-vietnamese-and-english-required
13,Web Designer,MailerLite,75,Full-Time,Design,NA,Anywhere in the World,https://weworkremotely.com/remote-jobs/mailerlite-web-designer-2
14,Remote Administrative & Operations Assistant,Volcano Builders,1,Full-Time,Management and Finance,"$10,000 - $25,000 USD",Anywhere in the World,https://weworkremotely.com/remote-jobs/volcano-builders-remote-administrative-operations-assistant
15,Business Development Executive,SMIB,1,Full-Time,Sales and Marketing,NA,NA,https://weworkremotely.com/remote-jobs/smib-business-development-executive
16,Account Executive (Underwriter),IMA Financial Group,1,Full-Time,Management and Finance,NA,NA,https://weworkremotely.com/remote-jobs/ima-financial-group-account-executive-underwriter
17,A.I. Video Editor (Direct Response / VEO3),Brook Hiddink - Highticket.io,3,Full-Time,Design,"$25,000 - $48,999 USD",Anywhere in the World,https://weworkremotely.com/remote-jobs/brook-hiddink-highticket-io-a-i-video-editor-direct-response-veo3
18,"Generative AI Trends Analyst (Part-Time, Remote)",The Humble Hackers,5,Contract,All Other Remote,"$10,000 - $25,000 USD",Anywhere in the World,https://weworkremotely.com/remote-jobs/the-humble-hackers-generative-ai-trends-analyst-part-time-remote
19,US Internet Rater - English Language,TELUS Digital,12,Contract,All Other Remote,"$10,000 - $25,000 USD",Anywhere in the World,https://weworkremotely.com/remote-jobs/telus-digital-us-internet-rater-english-language
20,Freelance Facebook & Google Ads Expert - India Remote $10K-$15K per Campaign,Canara Bank Securities Limited.,1,Full-Time,Full-Stack Programming,NA,Anywhere in the World,https://weworkremotely.com/remote-jobs/canara-bank-securities-limited-freelance-facebook-google-ads-expert-india-remote-10k-15k-per
21,Senior UX/UI Designer with German,Accesa,1,Full-Time,Design,NA,Anywhere in the World,https://weworkremotely.com/remote-jobs/accesa-senior-ux-ui-designer-with-german
22,Outbound Sales Specialist,PR Volt,13,Full-Time,Sales and Marketing,"$50,000 - $74,999 USD",Anywhere in the World,https://weworkremotely.com/remote-jobs/pr-volt-outbound-sales-specialist
23,WordPress Plugins & Themes developer,Melapress,10,Full-Time,Full-Stack Programming,"$25,000 - $48,999 USD",Anywhere in the World,https://weworkremotely.com/remote-jobs/melapress-wordpress-plugins-themes-developer
24,UI/UX Designer,"Pro
Spiralyze",8,Full-Time,Design,NA,Anywhere in the World,https://weworkremotely.com/remote-jobs/spiralyze-ui-ux-designer
25,PROUDFOOT: Presenting Analyst - United Kingdom / Europe / The Americas,Proudfoot,1,Full-Time,Management and Finance,NA,Anywhere in the World,https://weworkremotely.com/remote-jobs/proudfoot-proudfoot-presenting-analyst-united-kingdom-europe-the-americas
26,(Implementation) Project Manager,Paymentology,114,Full-Time,All Other Remote,"$25,000 - $48,999 USD",Anywhere in the World,https://weworkremotely.com/remote-jobs/paymentology-implementation-project-manager-2
27,Project coordinator,Sana Vita Operations LLC,1,Contract,DevOps and Sysadmin,"$50,000 - $74,999 USD",NA,https://weworkremotely.com/remote-jobs/sana-vita-operations-llc-project-coordinator
28,[EUROPE ONLY] Growth Product Manager at Video MarTech SaaS ðŸš€,Vidalytics,36,Full-Time,Product,"$75,000 - $99,999 USD",Anywhere in the World,https://weworkremotely.com/remote-jobs/vidalytics-europe-only-growth-product-manager-at-video-martech-saas
29,Affiliate Manager,ScholarshipOwl,3,Full-Time,Sales and Marketing,NA,Anywhere in the World,https://weworkremotely.com/remote-jobs/scholarshipowl-affiliate-manager
30,eCommerce Operations Manager,Mint & Lily,1,Full-Time,Product,"$50,000 - $74,999 USD",Anywhere in the World,https://weworkremotely.com/remote-jobs/mint-lily-ecommerce-operations-manager
31,Remote Scheduling/Calendar Assistant,Howie AI,2,Contract,Design,"$25,000 - $48,999 USD",Anywhere in the World,https://weworkremotely.com/remote-jobs/howie-ai-remote-scheduling-calendar-assistant-1
32,Javascript Fullstack Engineer - Senior,Lumenalta,573,Full-Time,Full-Stack Programming,"$50,000 - $74,999 USD",Anywhere in the World,https://weworkremotely.com/remote-jobs/lumenalta-javascript-fullstack-engineer-senior
33,Finance & Accounting Specialist (Lithuania / Estonia),Apicworld,1,Full-Time,Product,NA,Anywhere in the World,https://weworkremotely.com/remote-jobs/apicworld-finance-accounting-specialist-lithuania-estonia
34,Product specialist Jedi (German-speaking),Creative Force,57,Full-Time,Customer Support,NA,Anywhere in the World,https://weworkremotely.com/remote-jobs/creative-force-product-specialist-jedi-german-speaking
35,Content-led Marketer (B2B â€“ Startup Mentality),Melapress,10,Full-Time,Sales and Marketing,"$25,000 - $48,999 USD",Anywhere in the World,https://weworkremotely.com/remote-jobs/melapress-content-led-marketer-b2b-startup-mentality
36,EU-Freelancer (m/w/d) im Inbound Kundenservice - Home-Office!,hey contact heroes GmbH,15,Contract,Customer Support,NA,Anywhere in the World,https://weworkremotely.com/remote-jobs/hey-contact-heroes-gmbh-eu-freelancer-m-w-d-im-inbound-kundenservice-home-office-1
37,Remote Travel Booking Specialists,HB Travels,2,Contract,All Other Remote,"$50,000 - $74,999 USD",Anywhere in the World,https://weworkremotely.com/remote-jobs/hb-travels-remote-travel-booking-specialists
38,Content Creators for Viral Video Project,Contra,443,Contract,Sales and Marketing,NA,Anywhere in the World,https://weworkremotely.com/remote-jobs/contra-content-creators-for-viral-video-project
39,Senior sales manager,AppMagic,1,Full-Time,Product,NA,Anywhere in the World,https://weworkremotely.com/remote-jobs/appmagic-senior-sales-manager
40,Senior Django Developer,Proxify AB,59,Full-Time,All Other Remote,NA,Anywhere in the World,https://weworkremotely.com/remote-jobs/proxify-ab-senior-django-developer-1
41,Head of Social / Social Media Manager,Waifu Masters,3,Full-Time,Sales and Marketing,"$100,000 or more USD",Anywhere in the World,https://weworkremotely.com/remote-jobs/waifu-masters-head-of-social-social-media-manager
42,"Software Engineer (Frontend, Backend, or Full stack)",Subscript,24,Full-Time,Full-Stack Programming,NA,Anywhere in the World,https://weworkremotely.com/remote-jobs/subscript-software-engineer-frontend-backend-or-full-stack-2
43,UI/UX Designer,Crisp,10,Full-Time,Design,"$50,000 - $74,999 USD",Anywhere in the World,https://weworkremotely.com/remote-jobs/crisp-ui-ux-designer
44,Senior Software Engineer,Intellisync SRL,6,Full-Time,Full-Stack Programming,NA,Anywhere in the World,https://weworkremotely.com/remote-jobs/intellisync-srl-senior-software-engineer
45,IFRS Accountant with Multiple Jurisdiction Experience,Flag Theory,10,Full-Time,Management and Finance,NA,Anywhere in the World,https://weworkremotely.com/remote-jobs/flag-theory-ifrs-accountant-with-multiple-jurisdiction-experience
46,Inside Sales Representative - U.S. Market,Credit Clerk,6,Full-Time,Sales and Marketing,NA,Anywhere in the World,https://weworkremotely.com/remote-jobs/credit-clerk-inside-sales-representative-u-s-market
47,Product Designer,MailerLite,75,Full-Time,Design,"$50,000 - $74,999 USD",Anywhere in the World,https://weworkremotely.com/remote-jobs/mailerlite-product-designer-3
48,Digital Asset Operations,Escorial Future,2,Full-Time,All Other Remote,NA,Anywhere in the World,https://weworkremotely.com/remote-jobs/escorial-future-digital-asset-operations
49,FT/PT Remote AI Prompt Engineering & Evaluation - Will Train,DataAnnotation.tech,2,Contract,All Other Remote,NA,North America Only,https://weworkremotely.com/remote-jobs/dataannotation-tech-ft-pt-remote-ai-prompt-engineering-evaluation-will-train
50,Languages teachers,AE Virtual Class S.A,3,Contract,All Other Remote,NA,Anywhere in the World,https://weworkremotely.com/remote-jobs/ae-virtual-class-s-a-languages-teachers
51,"Staff Backend Engineer (Java), Admin Experience (Open to remote across ANZ)",Canva,3,Full-Time,Design,NA,NA,https://weworkremotely.com/remote-jobs/canva-staff-backend-engineer-java-admin-experience-open-to-remote-across-anz
52,Experienced Laravel Developer - APAC Region,Zapiet,23,Full-Time,Full-Stack Programming,NA,Anywhere in the World,https://weworkremotely.com/remote-jobs/zapiet-experienced-laravel-developer-apac-region
53,RevOps Manager,Hummingbird,1,Full-Time,Customer Support,NA,Anywhere in the World,https://weworkremotely.com/remote-jobs/hummingbird-revops-manager
54,Amazon Ecommerce Account Manager (Seller/Vendor),Amazowl,17,Contract,Sales and Marketing,NA,Anywhere in the World,https://weworkremotely.com/remote-jobs/amazowl-amazon-ecommerce-account-manager-seller-vendor
55,Financial Customer Support & Accounts Receivables Employee,Baymard Institute,28,Full-Time,Management and Finance,NA,Anywhere in the World,https://weworkremotely.com/remote-jobs/baymard-institute-financial-customer-support-accounts-receivables-employee
56,"Creative Producer (Remote, FT Contract",TripleTen,1,Full-Time,Sales and Marketing,NA,NA,https://weworkremotely.com/remote-jobs/tripleten-creative-producer-remote-ft-contract
57,Dynamics 365 Customer Engagement (CE) - Technical Architect,sa.global,4,Full-Time,Customer Support,NA,Anywhere in the World,https://weworkremotely.com/remote-jobs/sa-global-dynamics-365-customer-engagement-ce-technical-architect
58,Senior Independent Software Developer ($90-$170/hr),A.Team,8,Contract,Full-Stack Programming,NA,Anywhere in the World,https://weworkremotely.com/remote-jobs/a-team-senior-independent-software-developer-90-170-hr
59,"Senior Software Engineer, AI Model serving",Speechify Inc,13,Contract,Back-End Programming,NA,Anywhere in the World,https://weworkremotely.com/remote-jobs/speechify-inc-senior-software-engineer-ai-model-serving
60,Head of Growth,Vinclum,1,Full-Time,Sales and Marketing,"$25,000 - $48,999 USD",Anywhere in the World,https://weworkremotely.com/remote-jobs/vinclum-head-of-growth
61,"Remote Cold Caller â€” $15hr + 30% Commission | Flexible, No Experience Needed",ClickTigers,1,Full-Time,Sales and Marketing,"$10,000 - $25,000 USD",Anywhere in the World,https://weworkremotely.com/remote-jobs/clicktigers-remote-cold-caller-15hr-30-commission-flexible-no-experience-needed
62,Senior Site Reliability Engineer,BaxEnergy,10,Full-Time,DevOps and Sysadmin,NA,Anywhere in the World,https://weworkremotely.com/remote-jobs/baxenergy-senior-site-reliability-engineer-2
63,"Technical Support Representative (Full-time contract, 40hr/week)",mE,12,Contract,Customer Support,"$25,000 - $48,999 USD",Anywhere in the World,https://weworkremotely.com/remote-jobs/me-technical-support-representative-full-time-contract-40hr-week
64,Virtual Timeshare Sales Executive - Remote NV,Marriott Vacations Worldwide,4,Full-Time,Sales and Marketing,NA,Anywhere in the World,https://weworkremotely.com/remote-jobs/marriott-vacations-worldwide-virtual-timeshare-sales-executive-remote-nv-1
65,Head of Omnichannel Marketing / Chief Marketing Officer,Waifu Masters,3,Contract,Sales and Marketing,"$100,000 or more USD",Anywhere in the World,https://weworkremotely.com/remote-jobs/waifu-masters-head-of-omnichannel-marketing-chief-marketing-officer
66,Senior Full-stack Developer - Alpine.js,Lemon.io,86,Full-Time,Full-Stack Programming,NA,Anywhere in the World,https://weworkremotely.com/remote-jobs/lemon-io-senior-full-stack-developer-alpine-js
67,Sales fÃ¼r die Telekommunikationkunden,Yoummday,1,Contract,Sales and Marketing,NA,Anywhere in the World,https://weworkremotely.com/remote-jobs/yoummday-sales-fur-die-telekommunikationkunden
68,Senior Product Marketing Manager,ACI Worldwide,1,Full-Time,Sales and Marketing,NA,Anywhere in the World,https://weworkremotely.com/remote-jobs/aci-worldwide-senior-product-marketing-manager
69,Director of Operations,Bright!Tax,1,Full-Time,Management and Finance,NA,Anywhere in the World,https://weworkremotely.com/remote-jobs/bright-tax-director-of-operations
70,Team Lead - Product Engineering Team,Silverfin,39,Full-Time,Back-End Programming,"$100,000 or more USD",Anywhere in the World,https://weworkremotely.com/remote-jobs/silverfin-team-lead-product-engineering-team-3
71,Remote Inside Sales,Report Owl LLC,3,Contract,Sales and Marketing,NA,Anywhere in the World,https://weworkremotely.com/remote-jobs/report-owl-llc-remote-inside-sales-2
72,Mandarin-speaking Customer Support Specialist (Remote),Springroll,2,Contract,Customer Support,"$25,000 - $48,999 USD",Anywhere in the World,https://weworkremotely.com/remote-jobs/springroll-mandarin-speaking-customer-support-specialist-remote
73,Backend Engineer,Search Atlas - Advanced SEO Software,4,Full-Time,Back-End Programming,"$25,000 - $48,999 USD",Anywhere in the World,https://weworkremotely.com/remote-jobs/search-atlas-advanced-seo-software-backend-engineer
74,Rea Time Analyst | Workforce Management,Clipboard Health,16,Contract,All Other Remote,NA,Anywhere in the World,https://weworkremotely.com/remote-jobs/clipboard-health-rea-time-analyst-workforce-management
75,Customer Success Manager (Americas),Filestage,70,Full-Time,Customer Support,"$50,000 - $74,999 USD",NA,https://weworkremotely.com/remote-jobs/filestage-customer-success-manager-americas-2
76,Procurement Analyst,Paymentology,114,Full-Time,All Other Remote,"$25,000 - $48,999 USD",Anywhere in the World,https://weworkremotely.com/remote-jobs/paymentology-procurement-analyst
77,Assistant Trader (remote),Exora,1,Contract,Management and Finance,"$50,000 - $74,999 USD",Anywhere in the World,https://weworkremotely.com/remote-jobs/exora-assistant-trader-remote
78,Psychic & Tarot Readers - Remote Positions,Trusted Entertainments,1,Contract,All Other Remote,"$25,000 - $48,999 USD",Anywhere in the World,https://weworkremotely.com/remote-jobs/trusted-entertainments-psychic-tarot-readers-remote-positions
79,Senior Backend Engineer,Proton.ai,3,Full-Time,Back-End Programming,"$50,000 - $74,999 USD",Americas Only,https://weworkremotely.com/remote-jobs/proton-ai-senior-backend-engineer
80,Strategic Advisor,NewtonX,1,Contract,All Other Remote,NA,Anywhere in the World,https://weworkremotely.com/remote-jobs/newtonx-strategic-advisor
81,QA Analyst,Wealthbox CRM,8,Full-Time,Product,NA,Anywhere in the World,https://weworkremotely.com/remote-jobs/wealthbox-crm-qa-analyst
82,Senior Backend Engineer,Elevate Labs,28,Full-Time,Full-Stack Programming,NA,Anywhere in the World,https://weworkremotely.com/remote-jobs/elevate-labs-senior-backend-engineer-1
83,Web Programmer and Designer,itradepay,1,Full-Time,Design,"$10,000 - $25,000 USD",Anywhere in the World,https://weworkremotely.com/remote-jobs/itradepay-web-programmer-and-designer
84,Product Manager - Clinical Data Analytics & Insights,Tech Intellectuals,1,Full-Time,Sales and Marketing,NA,Anywhere in the World,https://weworkremotely.com/remote-jobs/tech-intellectuals-product-manager-clinical-data-analytics-insights
85,Product Business Analyst (English+Russian/Ukrainian),Salesflow.io,31,Contract,Product,NA,Anywhere in the World,https://weworkremotely.com/remote-jobs/salesflow-io-product-business-analyst-english-russian-ukrainian
86,Head of Growth,Superfluent,1,Full-Time,Sales and Marketing,"$100,000 or more USD",Anywhere in the World,https://weworkremotely.com/remote-jobs/superfluent-head-of-growth
87,Executive Assistant for Wellness Brand Founder,Sui Yoga,1,Contract,DevOps and Sysadmin,"$10,000 - $25,000 USD",Anywhere in the World,https://weworkremotely.com/remote-jobs/sui-yoga-executive-assistant-for-wellness-brand-founder
88,SEO Specialist (3-Month Contract),"Pro
We Work Remotely",52,Contract,Sales and Marketing,NA,Anywhere in the World,https://weworkremotely.com/remote-jobs/we-work-remotely-seo-specialist-3-month-contract
89,CRM & Account Manager â€“ Go High Level Specialist,Find Staff,1,Full-Time,Customer Support,NA,Anywhere in the World,https://weworkremotely.com/remote-jobs/find-staff-crm-account-manager-go-high-level-specialist
90,Senior Next.js Developer,Proxify AB,59,Full-Time,Front-End Programming,NA,Anywhere in the World,https://weworkremotely.com/remote-jobs/proxify-ab-senior-next-js-developer-2
91,Travel Advisor,JZW Travel,1,Full-Time,All Other Remote,"$50,000 - $74,999 USD",Anywhere in the World,https://weworkremotely.com/remote-jobs/jzw-travel-travel-advisor
92,Virtual Assistant,Interviews Chat,1,Full-Time,All Other Remote,"$50,000 - $74,999 USD",Anywhere in the World,https://weworkremotely.com/remote-jobs/interviews-chat-virtual-assistant
93,Remote Sales Agent - Worldwide,Unload My Home,5,Full-Time,Sales and Marketing,"$25,000 - $48,999 USD",Anywhere in the World,https://weworkremotely.com/remote-jobs/unload-my-home-remote-sales-agent-worldwide
94,Senior Data Analyst (LatAm),The Global Talent Co.,1,Full-Time,Sales and Marketing,NA,NA,https://weworkremotely.com/remote-jobs/the-global-talent-co-senior-data-analyst-latam
95,Admin and Support Specialist With a Love for Writing,IxDF - Interaction Design Foundation,56,Full-Time,Customer Support,NA,Anywhere in the World,https://weworkremotely.com/remote-jobs/ixdf-interaction-design-foundation-admin-and-support-specialist-with-a-love-for-writing
96,Bilingual Service Coordinator,Consumer Direct Care Network,1,Full-Time,Management and Finance,NA,NA,https://weworkremotely.com/remote-jobs/consumer-direct-care-network-bilingual-service-coordinator
97,Contact Centre Agent (Remote),Goodlord,1,Full-Time,Customer Support,NA,NA,https://weworkremotely.com/remote-jobs/goodlord-contact-centre-agent-remote
98,B2B Lead Gen & Email Specialist,Surge,5,Full-Time,Sales and Marketing,"$25,000 - $48,999 USD",Anywhere in the World,https://weworkremotely.com/remote-jobs/surge-b2b-lead-gen-email-specialist
99,Technical Lead â€“ Platform & AI Infrastructure (Founding Team),HeartStamp Inc,1,Full-Time,Full-Stack Programming,"$100,000 or more USD",Anywhere in the World,https://weworkremotely.com/remote-jobs/heartstamp-inc-technical-lead-platform-ai-infrastructure-founding-team
100,AI Trainer,Anuttacon,1,Contract,All Other Remote,NA,Anywhere in the World,https://weworkremotely.com/remote-jobs/anuttacon-ai-trainer
101,Senior React Native Developer,Proxify AB,59,Full-Time,Front-End Programming,NA,Anywhere in the World,https://weworkremotely.com/remote-jobs/proxify-ab-senior-react-native-developer-3
102,Senior Microsoft Power BI Developer,Proxify AB,59,Full-Time,All Other Remote,NA,Anywhere in the World,https://weworkremotely.com/remote-jobs/proxify-ab-senior-microsoft-power-bi-developer-1
103,Senior Fullstack Developer,Proxify AB,59,Full-Time,Full-Stack Programming,NA,Anywhere in the World,https://weworkremotely.com/remote-jobs/proxify-ab-senior-fullstack-developer-1
104,Cybersecurity Architect,RemoteMore,52,Full-Time,All Other Remote,NA,Anywhere in the World,https://weworkremotely.com/remote-jobs/remotemore-cybersecurity-architect-1
105,Head of Social Media,MVC Resources,1,Full-Time,Sales and Marketing,NA,Anywhere in the World,https://weworkremotely.com/remote-jobs/mvc-resources-head-of-social-media
106,Student Representatives,EDUopinions,21,Contract,All Other Remote,NA,Anywhere in the World,https://weworkremotely.com/remote-jobs/eduopinions-student-representatives-16
107,Frontend Engineer,Mobena,1,Full-Time,Front-End Programming,"$75,000 - $99,999 USD",NA,https://weworkremotely.com/remote-jobs/mobena-frontend-engineer
108,Freelance Writer,ProWriterSites,2,Contract,All Other Remote,NA,Anywhere in the World,https://weworkremotely.com/remote-jobs/prowritersites-freelance-writer
109,"Director, Product Design",Smartsheet,1,Full-Time,Design,NA,Anywhere in the World,https://weworkremotely.com/remote-jobs/smartsheet-director-product-design
110,NoCode / LowCode Developer (no-code / Low-code ),CloudDevs,21,Full-Time,Full-Stack Programming,NA,Anywhere in the World,https://weworkremotely.com/remote-jobs/clouddevs-nocode-lowcode-developer-no-code-low-code
111,Cloud Security Engineer,XM,87,Full-Time,All Other Remote,NA,Anywhere in the World,https://weworkremotely.com/remote-jobs/xm-cloud-security-engineer
112,Growth & RevOps Lead - Saas company,Salesflow.io,31,Contract,Sales and Marketing,"$50,000 - $74,999 USD",Anywhere in the World,https://weworkremotely.com/remote-jobs/salesflow-io-growth-revops-lead-saas-company
113,Lead Webflow Designer & Developer,Surge,5,Full-Time,Sales and Marketing,"$50,000 - $74,999 USD",Anywhere in the World,https://weworkremotely.com/remote-jobs/surge-lead-webflow-designer-developer
114,Senior Meta & TikTok Growth Strategist â€“ Fullâ€‘Funnel Paidâ€¯Social Architect Ask ChatGPT,Scandinavian Biolabs,1,Full-Time,Sales and Marketing,"$50,000 - $74,999 USD",Anywhere in the World,https://weworkremotely.com/remote-jobs/scandinavian-biolabs-senior-meta-tiktok-growth-strategist-full-funnel-paid-social-architect-ask-chatgpt
115,Chief Product Officer,Waifu Masters,3,Contract,Product,"$100,000 or more USD",Anywhere in the World,https://weworkremotely.com/remote-jobs/waifu-masters-chief-product-officer
116,Head of Product,Toggl,171,Full-Time,Product,"$100,000 or more USD",Anywhere in the World,https://weworkremotely.com/remote-jobs/toggl-head-of-product
117,"Software Engineer, Business Experience",CodeSignal,13,Full-Time,Full-Stack Programming,NA,Anywhere in the World,https://weworkremotely.com/remote-jobs/codesignal-software-engineer-business-experience
118,CX Technical Support Advocate: Tier 1 Lead,Photobooth Supply Co,62,Full-Time,Customer Support,NA,Anywhere in the World,https://weworkremotely.com/remote-jobs/photobooth-supply-co-cx-technical-support-advocate-tier-1-lead
119,Content marketing specialist (German-speaking),Creative Force,57,Full-Time,Sales and Marketing,NA,Anywhere in the World,https://weworkremotely.com/remote-jobs/creative-force-content-marketing-specialist-german-speaking
120,Stock & Option Trader at Maverick Trading,"Pro
Maverick Trading",2,Contract,Management and Finance,"$100,000 or more USD",Anywhere in the World,https://weworkremotely.com/remote-jobs/maverick-trading-stock-option-trader-at-maverick-trading
121,Senior Shopify Developer (Remote + Flexible),Storetasker,7,Contract,Full-Stack Programming,NA,Anywhere in the World,https://weworkremotely.com/remote-jobs/storetasker-senior-shopify-developer-remote-flexible-3
122,Senior Amazon Brand Manager,GNO Partners,1,Full-Time,Sales and Marketing,"$100,000 or more USD",Anywhere in the World,https://weworkremotely.com/remote-jobs/gno-partners-senior-amazon-brand-manager
123,Forex / Cryptocurrency Trader,"Pro
Maverick Currencies",2,Contract,Management and Finance,"$75,000 - $99,999 USD",Anywhere in the World,https://weworkremotely.com/remote-jobs/maverick-currencies-forex-cryptocurrency-trader
124,Nordilux Mid Market Account Executive - English Speaking,HubSpot,14,Full-Time,Customer Support,NA,Anywhere in the World,https://weworkremotely.com/remote-jobs/hubspot-nordilux-mid-market-account-executive-english-speaking
125,"Product Owner, Omnichannel Communications & CRM",GeneDx,1,Full-Time,Customer Support,NA,NA,https://weworkremotely.com/remote-jobs/genedx-product-owner-omnichannel-communications-crm
126,AI Automation Developer,Axe Automation,1,Full-Time,Full-Stack Programming,NA,Anywhere in the World,https://weworkremotely.com/remote-jobs/axe-automation-ai-automation-developer
127,React Developer,Picklezone,1,Full-Time,Front-End Programming,"$75,000 - $99,999 USD",Anywhere in the World,https://weworkremotely.com/remote-jobs/picklezone-react-developer
128,Rust Engineer,PropellerHeads,1,Full-Time,Back-End Programming,"$100,000 or more USD",Anywhere in the World,https://weworkremotely.com/remote-jobs/propellerheads-rust-engineer
129,"Remote C# .NET Developer (WinForms, Trading Platform) â€“ Exceptional Talent Wanted",Jigsaw Trading Limited,1,Full-Time,Full-Stack Programming,NA,Anywhere in the World,https://weworkremotely.com/remote-jobs/jigsaw-trading-limited-remote-csharp-net-developer-winforms-trading-platform-exceptional-talent-wanted
130,Senior Full-Stack Engineer,Uncap,1,Full-Time,Full-Stack Programming,"$100,000 or more USD",Anywhere in the World,https://weworkremotely.com/remote-jobs/uncap-senior-full-stack-engineer
131,Entrepreneurial Apprentice to Eccentric Millionaire @ Fun Ecom Co | Great People & Flexible Hours,JLS Trading Co.,40,Full-Time,All Other Remote,NA,Anywhere in the World,https://weworkremotely.com/remote-jobs/jls-trading-co-entrepreneurial-apprentice-to-eccentric-millionaire-fun-ecom-co-great-people
132,"Founding Full Stack Engineer - LLM, Applied AI (no prior LLM experience required)",Berry AI,1,Full-Time,Full-Stack Programming,"$75,000 - $99,999 USD",Anywhere in the World,https://weworkremotely.com/remote-jobs/berry-ai-founding-full-stack-engineer-llm-applied-ai-no-prior-llm-experience-required
133,Remote Sales Chat Representative,UsedConex.com,8,Contract,Sales and Marketing,"$75,000 - $99,999 USD",North America Only,https://weworkremotely.com/remote-jobs/usedconex-com-remote-sales-chat-representative-3
134,DevSecOps Engineer,XM,87,Full-Time,All Other Remote,NA,UK Only,https://weworkremotely.com/remote-jobs/xm-devsecops-engineer
135,Senior Data Engineer,Proxify AB,59,Full-Time,All Other Remote,NA,Anywhere in the World,https://weworkremotely.com/remote-jobs/proxify-ab-senior-data-engineer-2
136,Business Development Representative (BDR),Map Labs,1,Full-Time,Sales and Marketing,NA,Anywhere in the World,https://weworkremotely.com/remote-jobs/map-labs-business-development-representative-bdr
137,Senior Product Manager,Toggl,171,Full-Time,Product,NA,Anywhere in the World,https://weworkremotely.com/remote-jobs/toggl-senior-product-manager-3
138,"Software Engineer, iOS Core Product",Speechify Inc,13,Full-Time,Front-End Programming,NA,Anywhere in the World,https://weworkremotely.com/remote-jobs/speechify-inc-software-engineer-ios-core-product
139,Web Developer,MailerLite,75,Full-Time,Front-End Programming,NA,Anywhere in the World,https://weworkremotely.com/remote-jobs/mailerlite-web-developer
140,"Consultant, PCI QSA",Coalfire,1,Full-Time,Product,NA,Anywhere in the World,https://weworkremotely.com/remote-jobs/coalfire-consultant-pci-qsa
141,UI Designer; FT or PT; North or South America,Custody X Change,30,Full-Time,Design,NA,Anywhere in the World,https://weworkremotely.com/remote-jobs/custody-x-change-ui-designer-ft-or-pt-north-or-south-america
142,Marketing Automation SaaS + Services Line of Business Owner,New Law Business Model,3,Full-Time,Management and Finance,NA,Anywhere in the World,https://weworkremotely.com/remote-jobs/new-law-business-model-marketing-automation-saas-services-line-of-business-owner
143,Customer Support Specialist,"Law Office of Carlos D. Martinez, LLC",1,Full-Time,Customer Support,NA,Anywhere in the World,https://weworkremotely.com/remote-jobs/law-office-of-carlos-d-martinez-llc-customer-support-specialist
144,Executive Assistant (Part-Time),Asymmetric Marketing LLC,1,Contract,Management and Finance,"$25,000 - $48,999 USD",Anywhere in the World,https://weworkremotely.com/remote-jobs/asymmetric-marketing-llc-executive-assistant-part-time
145,VIP Specialist Lead â€“ Remote (US-based hours preferred),Springroll,2,Contract,Customer Support,"$25,000 - $48,999 USD",Anywhere in the World,https://weworkremotely.com/remote-jobs/springroll-vip-specialist-lead-remote-us-based-hours-preferred
146,Online English Teacher,"Pro
Native Camp",31,Contract,All Other Remote,NA,Anywhere in the World,https://weworkremotely.com/remote-jobs/native-camp-online-english-teacher-30
147,Site Reliability Engineer,Float,64,Full-Time,DevOps and Sysadmin,"$100,000 or more USD",Anywhere in the World,https://weworkremotely.com/remote-jobs/float-site-reliability-engineer-1
148,Senior Back-end Architect,Swipe Games,1,Full-Time,Back-End Programming,"$75,000 - $99,999 USD",Anywhere in the World,https://weworkremotely.com/remote-jobs/swipe-games-senior-back-end-architect
149,Client Onboarding for Corporate Services (Bank Accounts department),Flag Theory,10,Full-Time,Customer Support,NA,Anywhere in the World,https://weworkremotely.com/remote-jobs/flag-theory-client-onboarding-for-corporate-services-bank-accounts-department-1
150,Senior Independent Product Manager/Product Designer ($90-$170/hr),A.Team,8,Full-Time,Product,NA,Anywhere in the World,https://weworkremotely.com/remote-jobs/a-team-senior-independent-product-manager-product-designer-90-170-hr
